_curlrc	cURL Config
_dir_colors	dircolors
_dircolors	dircolors
_emacs	Emacs Lisp
_helpers.tpl	Go Template
_redirects	Redirect Rules
_vimrc	Vim Script
.abbrev_defs	Emacs Lisp
.ackrc	Option List
.all-contributorsrc	JSON
.arcconfig	JSON
.atomignore	Ignore List
.auto-changelog	JSON
.babelignore	Ignore List
.babelrc	JSON with Comments
.bash_aliases	Shell
.bash_functions	Shell
.bash_history	Shell
.bash_logout	Shell
.bash_profile	Shell
.bashrc	Shell
.browserslistrc	Browserslist
.buckconfig	INI
.bzrignore	Ignore List
.c8rc	JSON
.clang-format	YAML
.clang-tidy	YAML
.clangd	YAML
.classpath	XML
.coffeelintignore	Ignore List
.coveragerc	INI
.cproject	XML
.cshrc	Shell
.curlrc	cURL Config
.cvsignore	Ignore List
.devcontainer.json	JSON with Comments
.dir_colors	dircolors
.dircolors	dircolors
.dockerignore	Ignore List
.easignore	Ignore List
.editorconfig	EditorConfig
.eleventyignore	Ignore List
.emacs	Emacs Lisp
.emacs.desktop	Emacs Lisp
.env	Dotenv
.env.ci	Dotenv
.env.dev	Dotenv
.env.development	Dotenv
.env.development.local	Dotenv
.env.example	Dotenv
.env.local	Dotenv
.env.prod	Dotenv
.env.production	Dotenv
.env.sample	Dotenv
.env.staging	Dotenv
.env.template	Dotenv
.env.test	Dotenv
.env.testing	Dotenv
.envrc	Shell
.eslintignore	Ignore List
.eslintrc.json	JSON with Comments
.exrc	Vim Script
.factor-boot-rc	Factor
.factor-rc	Factor
.flake8	INI
.flaskenv	Shell
.gclient	Python
.gemrc	YAML
.git-blame-ignore-revs	Git Revision List
.gitattributes	Git Attributes
.gitconfig	Git Config
.gitignore	Ignore List
.gitmodules	Git Config
.gn	GN
.gnus	Emacs Lisp
.gvimrc	Vim Script
.htaccess	ApacheConf
.htmlhintrc	JSON
.ignore	Ignore List
.imgbotconfig	JSON
.inputrc	Readline Config
.irbrc	Ruby
.jscsrc	JSON with Comments
.jshintrc	JSON with Comments
.jslintrc	JSON with Comments
.justfile	Just
.Justfile	Just
.JUSTFILE	Just
.kshrc	Shell
.latexmkrc	Perl
.login	Shell
.luacheckrc	Lua
.markdownlintignore	Ignore List
.nanorc	nanorc
.nodemonignore	Ignore List
.npmignore	Ignore List
.npmrc	NPM Config
.nvimrc	Vim Script
.nycrc	JSON
.oxlintrc.json	JSON with Comments
.php	PHP
.php_cs	PHP
.php_cs.dist	PHP
.prettierignore	Ignore List
.profile	Shell
.project	XML
.pryrc	Ruby
.pylintrc	INI
.Rprofile	R
.rspec	Option List
.scalafix.conf	HOCON
.scalafmt.conf	HOCON
.shellcheckrc	ShellCheck Config
.simplecov	Ruby
.spacemacs	Emacs Lisp
.stylelintignore	Ignore List
.swcrc	JSON with Comments
.tern-config	JSON
.tern-project	JSON
.tm_properties	TextMate Properties
.tmux.conf	Shell
.vercelignore	Ignore List
.vimrc	Vim Script
.viper	Emacs Lisp
.vscodeignore	Ignore List
.watchmanconfig	JSON
.wgetrc	Wget Config
.XCompose	XCompose
.xinitrc	Shell
.xsession	Shell
.yardopts	Option List
.zlogin	Shell
.zlogout	Shell
.zprofile	Shell
.zshenv	Shell
.zshrc	Shell
*._coffee	CoffeeScript
*._js	JavaScript
*._ls	LiveScript
*.1	Roff
*.1	Roff Manpage
*.1in	Roff
*.1in	Roff Manpage
*.1m	Roff
*.1m	Roff Manpage
*.1x	Roff
*.1x	Roff Manpage
*.2	Roff
*.2	Roff Manpage
*.2da	2-Dimensional Array
*.3	Roff
*.3	Roff Manpage
*.3in	Roff
*.3in	Roff Manpage
*.3m	Roff
*.3m	Roff Manpage
*.3p	Roff
*.3p	Roff Manpage
*.3pm	Roff
*.3pm	Roff Manpage
*.3qt	Roff
*.3qt	Roff Manpage
*.3x	Roff
*.3x	Roff Manpage
*.4	Roff
*.4	Roff Manpage
*.4DForm	JSON
*.4dm	4D
*.4DProject	JSON
*.4gl	Genero 4gl
*.4th	Forth
*.5	Roff
*.5	Roff Manpage
*.6	Roff
*.6	Roff Manpage
*.6pl	Raku
*.6pm	Raku
*.7	Roff
*.7	Roff Manpage
*.8	Roff
*.8	Roff Manpage
*.8xp	TI Program
*.8xp.txt	TI Program
*.9	Roff
*.9	Roff Manpage
*.a51	Assembly
*.abap	ABAP
*.abnf	ABNF
*.action	ROS Interface
*.ada	Ada
*.adb	Ada
*.adml	XML
*.admx	XML
*.ado	Stata
*.adoc	AsciiDoc
*.adp	Tcl
*.ads	Ada
*.afm	Adobe Font Metrics
*.agc	Apollo Guidance Computer
*.agda	Agda
*.ahk	AutoHotkey
*.ahkl	AutoHotkey
*.aidl	AIDL
*.aj	AspectJ
*.ak	Aiken
*.al	AL
*.al	Perl
*.als	Alloy
*.ampl	AMPL
*.angelscript	AngelScript
*.anim	Unity3D Asset
*.ant	XML
*.antlers.html	Antlers
*.antlers.php	Antlers
*.antlers.xml	Antlers
*.apacheconf	ApacheConf
*.apex	Apex
*.apib	API Blueprint
*.apl	APL
*.app	Erlang
*.app.src	Erlang
*.applescript	AppleScript
*.arc	Arc
*.arpa	DNS Zone
*.arr	Pyret
*.as	ActionScript
*.as	AngelScript
*.asax	ASP.NET
*.asc	AGS Script
*.asc	AsciiDoc
*.asc	Public Key
*.asciidoc	AsciiDoc
*.ascx	ASP.NET
*.asd	Common Lisp
*.asddls	ABAP CDS
*.ash	AGS Script
*.ash	KoLmafia ASH
*.ashx	ASP.NET
*.asl	ASL
*.asm	Assembly
*.asm	Motorola 68K Assembly
*.asmx	ASP.NET
*.asn	ASN.1
*.asn1	ASN.1
*.asp	Classic ASP
*.aspx	ASP.NET
*.asset	Unity3D Asset
*.astro	Astro
*.asy	Asymptote
*.asy	LTspice Symbol
*.au3	AutoIt
*.aug	Augeas
*.auk	Awk
*.aux	TeX
*.avdl	Avro IDL
*.avsc	JSON
*.aw	PHP
*.awk	Awk
*.axaml	XML
*.axd	ASP.NET
*.axi	NetLinx
*.axi.erb	NetLinx+ERB
*.axml	XML
*.axs	NetLinx
*.axs.erb	NetLinx+ERB
*.b	Brainfuck
*.b	Limbo
*.bal	Ballerina
*.bas	B4X
*.bas	BASIC
*.bas	FreeBASIC
*.bas	QuickBASIC
*.bas	VBA
*.bas	Visual Basic 6.0
*.bash	Shell
*.bat	Batchfile
*.bats	Shell
*.bb	BitBake
*.bb	BlitzBasic
*.bb	Clojure
*.bbappend	BitBake
*.bbclass	BitBake
*.bbx	TeX
*.bdf	Glyph Bitmap Distribution Format
*.bdy	PLSQL
*.be	Berry
*.befunge	Befunge
*.bf	Beef
*.bf	Befunge
*.bf	Brainfuck
*.bf	HyPhy
*.bi	FreeBASIC
*.bi	QuickBASIC
*.bib	BibTeX
*.bibtex	BibTeX
*.bicep	Bicep
*.bicepparam	Bicep
*.bison	Bison
*.blade	Blade
*.blade.php	Blade
*.bmx	BlitzMax
*.bones	JavaScript
*.boo	Boo
*.boot	Clojure
*.bpl	Boogie
*.bqn	BQN
*.brd	Eagle
*.brd	KiCad Legacy Layout
*.bro	Zeek
*.brs	Brightscript
*.bru	Bru
*.bs	Bikeshed
*.bs	Bluespec BH
*.bs	BrighterScript
*.bsl	1C Enterprise
*.bst	BibTeX Style
*.bst	BuildStream
*.bsv	Bluespec
*.builder	Ruby
*.builds	XML
*.bzl	Starlark
*.c	C
*.c-objdump	C-ObjDump
*.c++	C++
*.c++-objdump	Cpp-ObjDump
*.c++objdump	Cpp-ObjDump
*.c3	C3
*.cabal	Cabal Config
*.caddyfile	Caddyfile
*.cairo	Cairo
*.cairo	Cairo Zero
*.cake	C#
*.cake	CoffeeScript
*.capnp	Cap'n Proto
*.carbon	Carbon
*.cats	C
*.cbl	COBOL
*.cbx	TeX
*.cc	C++
*.ccp	COBOL
*.ccproj	XML
*.ccxml	XML
*.cdc	Cadence
*.cdf	Wolfram Language
*.cds	CAP CDS
*.ceylon	Ceylon
*.cfc	ColdFusion CFC
*.cfg	HAProxy
*.cfg	INI
*.cfm	ColdFusion
*.cfml	ColdFusion
*.cgi	Perl
*.cgi	Python
*.cgi	Shell
*.cginc	HLSL
*.ch	Charity
*.ch	xBase
*.chem	Pic
*.chpl	Chapel
*.chs	C2hs Haskell
*.cil	CIL
*.circom	Circom
*.cirru	Cirru
*.cj	Cangjie
*.cjs	JavaScript
*.cjsx	CoffeeScript
*.ck	ChucK
*.cl	Common Lisp
*.cl	Cool
*.cl	OpenCL
*.cl2	Clojure
*.clar	Clarity
*.click	Click
*.clixml	XML
*.clj	Clojure
*.cljc	Clojure
*.cljs	Clojure
*.cljs.hl	Clojure
*.cljscm	Clojure
*.cljx	Clojure
*.clp	CLIPS
*.cls	Apex
*.cls	ObjectScript
*.cls	OpenEdge ABL
*.cls	TeX
*.cls	VBA
*.cls	Visual Basic 6.0
*.clue	Clue
*.clw	Clarion
*.cmake	CMake
*.cmake.in	CMake
*.cmd	Batchfile
*.cmp	Gerber Image
*.cnc	G-code
*.cnf	INI
*.cob	COBOL
*.cobol	COBOL
*.cocci	SmPL
*.code-snippets	JSON with Comments
*.code-workspace	JSON with Comments
*.coffee	CoffeeScript
*.coffee.md	Literate CoffeeScript
*.com	DIGITAL Command Language
*.command	Shell
*.conll	CoNLL-U
*.conllu	CoNLL-U
*.containerfile	Dockerfile
*.cook	Cooklang
*.coq	Rocq Prover
*.cp	C++
*.cp	Component Pascal
*.cpp	C++
*.cpp-objdump	Cpp-ObjDump
*.cppm	C++
*.cppobjdump	Cpp-ObjDump
*.cproject	XML
*.cps	Component Pascal
*.cpy	COBOL
*.cql	SQL
*.cr	Crystal
*.crc32	Checksums
*.creole	Creole
*.cs	C#
*.cs	Smalltalk
*.cs.pp	C#
*.csc	GSC
*.cscfg	XML
*.csd	Csound Document
*.csdef	XML
*.csh	Tcsh
*.cshtml	HTML+Razor
*.csl	Kusto
*.csl	XML
*.cson	CSON
*.csproj	XML
*.css	CSS
*.csv	CSV
*.csx	C#
*.ct	XML
*.ctl	Visual Basic 6.0
*.ctp	PHP
*.cts	TypeScript
*.cu	Cuda
*.cue	CUE
*.cue	Cue Sheet
*.cuh	Cuda
*.curry	Curry
*.cw	Redcode
*.cwl	Common Workflow Language
*.cxx	C++
*.cxx-objdump	Cpp-ObjDump
*.cy	Cycript
*.cylc	Cylc
*.cyp	Cypher
*.cypher	Cypher
*.d	D
*.d	DTrace
*.d	Makefile
*.d-objdump	D-ObjDump
*.d2	D2
*.dae	COLLADA
*.darcspatch	Darcs Patch
*.dart	Dart
*.das	Daslang
*.dats	ATS
*.db2	SQLPL
*.dcl	Clean
*.ddl	PLSQL
*.ddl	SQL
*.decls	BlitzBasic
*.depproj	XML
*.desktop	desktop
*.desktop.in	desktop
*.dfm	Pascal
*.dfy	Dafny
*.dhall	Dhall
*.di	D
*.diff	Diff
*.dircolors	dircolors
*.dita	XML
*.ditamap	XML
*.ditaval	XML
*.djs	Dogescript
*.dll.config	XML
*.dlm	IDL
*.dm	DM
*.do	Stata
*.dockerfile	Dockerfile
*.dof	INI
*.doh	Stata
*.dot	Graphviz (DOT)
*.dotsettings	XML
*.dpatch	Darcs Patch
*.dpr	Pascal
*.druby	Mirah
*.dsc	Debian Package Control File
*.dsc	DenizenScript
*.dsl	ASL
*.dsp	Faust
*.dsp	Microsoft Developer Studio Project
*.Dsr	Visual Basic 6.0
*.dtx	TeX
*.duby	Mirah
*.dwl	DataWeave
*.dyalog	APL
*.dyl	Dylan
*.dylan	Dylan
*.dzn	MiniZinc Data
*.e	E
*.e	Eiffel
*.e	Euphoria
*.eam.fs	Formatted
*.eb	Easybuild
*.ebnf	EBNF
*.ebuild	Gentoo Ebuild
*.ec	eC
*.ecl	ECL
*.ecl	ECLiPSe
*.eclass	Gentoo Eclass
*.eclxml	ECL
*.ecr	HTML+ECR
*.ect	EJS
*.edc	Edje Data Collection
*.edge	Edge
*.edgeql	EdgeQL
*.editorconfig	EditorConfig
*.edn	edn
*.eh	eC
*.ejs	EJS
*.ejs.t	EJS
*.el	Emacs Lisp
*.eliom	OCaml
*.eliomi	OCaml
*.elm	Elm
*.elv	Elvish
*.em	EmberScript
*.emacs	Emacs Lisp
*.emacs.desktop	Emacs Lisp
*.emberscript	EmberScript
*.eml	E-mail
*.env	Dotenv
*.epj	Ecere Projects
*.eps	PostScript
*.epsi	PostScript
*.eq	EQ
*.erb	HTML+ERB
*.erb.deface	HTML+ERB
*.erl	Erlang
*.es	Erlang
*.es	JavaScript
*.es6	JavaScript
*.escript	Erlang
*.esdl	EdgeQL
*.ets	ArkTS
*.ex	Elixir
*.ex	Euphoria
*.exs	Elixir
*.eye	Ruby
*.f	Filebench WML
*.f	Forth
*.f	Fortran
*.f03	Fortran Free Form
*.f08	Fortran Free Form
*.f77	Fortran
*.f90	Fortran Free Form
*.f95	Fortran Free Form
*.factor	Factor
*.fan	Fantom
*.fancypack	Fancy
*.fcgi	Lua
*.fcgi	Perl
*.fcgi	PHP
*.fcgi	Python
*.fcgi	Ruby
*.fcgi	Shell
*.fea	OpenType Feature File
*.feature	Gherkin
*.filters	XML
*.fir	FIRRTL
*.fish	fish
*.flex	JFlex
*.flf	FIGlet Font
*.flix	Flix
*.flux	FLUX
*.fnc	PLSQL
*.fnl	Fennel
*.for	Formatted
*.for	Forth
*.for	Fortran
*.forth	Forth
*.fp	GLSL
*.fpp	Fortran
*.fr	Forth
*.fr	Frege
*.fr	Text
*.frag	GLSL
*.frag	JavaScript
*.frg	GLSL
*.frm	INI
*.frm	VBA
*.frm	Visual Basic 6.0
*.frt	Forth
*.fs	F#
*.fs	Filterscript
*.fs	Forth
*.fs	GLSL
*.fsh	GLSL
*.fshader	GLSL
*.fsi	F#
*.fsproj	XML
*.fst	F*
*.fsti	F*
*.fsx	F#
*.fth	Forth
*.ftl	Fluent
*.ftl	FreeMarker
*.ftlh	FreeMarker
*.fun	Standard ML
*.fut	Futhark
*.fx	FLUX
*.fx	HLSL
*.fxh	HLSL
*.fxml	XML
*.fy	Fancy
*.g	G-code
*.g	GAP
*.g4	ANTLR
*.gaml	GAML
*.gap	GAP
*.gawk	Awk
*.gbl	Gerber Image
*.gbo	Gerber Image
*.gbp	Gerber Image
*.gbr	Gerber Image
*.gbs	Gerber Image
*.gco	G-code
*.gcode	G-code
*.gd	GAP
*.gd	GDScript
*.gdb	GDB
*.gdbinit	GDB
*.gdnlib	Godot Resource
*.gdns	Godot Resource
*.gdshader	GDShader
*.gdshaderinc	GDShader
*.ged	GEDCOM
*.gemspec	Ruby
*.geo	GLSL
*.geojson	JSON
*.geom	GLSL
*.gf	Grammatical Framework
*.gi	GAP
*.gitconfig	Git Config
*.gitignore	Ignore List
*.gjs	Glimmer JS
*.gko	Gerber Image
*.glade	XML
*.gleam	Gleam
*.glf	Glyph
*.glsl	GLSL
*.glslf	GLSL
*.glslv	GLSL
*.gltf	JSON
*.glyphs	OpenStep Property List
*.gmi	Gemini
*.gml	Game Maker Language
*.gml	Gerber Image
*.gml	Graph Modeling Language
*.gml	XML
*.gms	GAMS
*.gmx	XML
*.gn	GN
*.gni	GN
*.gnu	Gnuplot
*.gnuplot	Gnuplot
*.go	Go
*.god	Ruby
*.gohtml	Go Template
*.golo	Golo
*.gotmpl	Go Template
*.gp	Gnuplot
*.gpb	Gerber Image
*.gpt	Gerber Image
*.gpx	XML
*.gql	GraphQL
*.grace	Grace
*.gradle	Gradle
*.gradle.kts	Gradle Kotlin DSL
*.graphql	GraphQL
*.graphqls	GraphQL
*.groovy	Groovy
*.grt	Groovy
*.grxml	XML
*.gs	Genie
*.gs	GLSL
*.gs	Gosu
*.gs	JavaScript
*.gsc	GSC
*.gsh	GSC
*.gshader	GLSL
*.gsp	Groovy Server Pages
*.gst	Gosu
*.gst	XML
*.gsx	Gosu
*.gtl	Gerber Image
*.gto	Gerber Image
*.gtp	Gerber Image
*.gtpl	Groovy
*.gts	Gerber Image
*.gts	Glimmer TS
*.gv	Graphviz (DOT)
*.gvy	Groovy
*.gyp	Python
*.gypi	Python
*.h	C
*.h	C++
*.h	Objective-C
*.h.in	C
*.h++	C++
*.ha	Hare
*.hack	Hack
*.haml	Haml
*.haml.deface	Haml
*.handlebars	Handlebars
*.har	JSON
*.hats	ATS
*.hb	Harbour
*.hbs	Handlebars
*.hc	HolyC
*.hcl	HCL
*.heex	HTML+EEX
*.hh	C++
*.hh	Hack
*.hhi	Hack
*.hic	Clojure
*.hip	HIP
*.hlean	Lean
*.hlsl	HLSL
*.hlsli	HLSL
*.hocon	HOCON
*.hoon	hoon
*.hpp	C++
*.hqf	SQF
*.hql	HiveQL
*.hrl	Erlang
*.hs	Haskell
*.hs-boot	Haskell
*.hsc	Haskell
*.hta	HTML
*.htm	HTML
*.html	Ecmarkup
*.html	HTML
*.html.eex	HTML+EEX
*.html.hl	HTML
*.html.tmpl	Go Template
*.http	HTTP
*.hurl	Hurl
*.hx	Haxe
*.hxml	HXML
*.hxsl	Haxe
*.hxx	C++
*.hy	Hy
*.hzp	XML
*.i	Assembly
*.i	Motorola 68K Assembly
*.i	SWIG
*.i3	Modula-3
*.i7x	Inform 7
*.ical	iCalendar
*.ice	JSON
*.ice	Slice
*.iced	CoffeeScript
*.icl	Clean
*.ics	iCalendar
*.idc	C
*.idr	Idris
*.ig	Modula-3
*.ihlp	Stata
*.ijm	ImageJ Macro
*.ijs	J
*.ik	Ioke
*.ily	LilyPond
*.imba	Imba
*.iml	XML
*.inc	Assembly
*.inc	BitBake
*.inc	C++
*.inc	HTML
*.inc	Motorola 68K Assembly
*.inc	NASL
*.inc	Pascal
*.inc	Pawn
*.inc	PHP
*.inc	POV-Ray SDL
*.inc	SourcePawn
*.inc	SQL
*.ini	INI
*.ink	Ink
*.inl	C++
*.ino	C++
*.ins	TeX
*.intr	Dylan
*.io	Io
*.iol	Jolie
*.ipf	IGOR Pro
*.ipp	C++
*.ipynb	Jupyter Notebook
*.irclog	IRC log
*.isl	Inno Setup
*.ispc	ISPC
*.iss	Inno Setup
*.iuml	PlantUML
*.ivy	XML
*.ixx	C++
*.j	Jasmin
*.j	Objective-J
*.j2	Jinja
*.jade	Pug
*.jai	Jai
*.jake	JavaScript
*.janet	Janet
*.jav	Java
*.java	Java
*.javascript	JavaScript
*.jbuilder	Ruby
*.jcl	JCL
*.jelly	XML
*.jflex	JFlex
*.jinja	Jinja
*.jinja2	Jinja
*.jison	Jison
*.jisonlex	Jison Lex
*.jl	Julia
*.jq	jq
*.jq	JSONiq
*.js	JavaScript
*.js.erb	JavaScript+ERB
*.jsb	JavaScript
*.jscad	JavaScript
*.jsfl	JavaScript
*.jsh	Java
*.jslib	JavaScript
*.jsm	JavaScript
*.json	JSON
*.json	OASv2-json
*.json	OASv3-json
*.JSON-tmLanguage	JSON
*.json.example	JSON
*.json5	JSON5
*.jsonc	JSON with Comments
*.jsonl	JSON
*.jsonld	JSONLD
*.jsonnet	Jsonnet
*.jsp	Java Server Pages
*.jspre	JavaScript
*.jsproj	XML
*.jss	JavaScript
*.jst	EJS
*.jsx	JavaScript
*.jte	Java Template Engine
*.just	Just
*.k	KCL
*.k	KFramework
*.kak	KakouneScript
*.kdl	KDL
*.kicad_mod	KiCad Layout
*.kicad_pcb	KiCad Layout
*.kicad_sch	KiCad Schematic
*.kicad_sym	KiCad Schematic
*.kicad_wks	KiCad Layout
*.kid	Genshi
*.kit	Kit
*.kk	Koka
*.kml	XML
*.kojo	Scala
*.kql	Kusto
*.krl	KRL
*.ks	KerboScript
*.ks	Kickstart
*.ksh	Shell
*.ksy	Kaitai Struct
*.kt	Kotlin
*.ktm	Kotlin
*.kts	Kotlin
*.kv	kvlang
*.l	Common Lisp
*.l	Lex
*.l	PicoLisp
*.l	Roff
*.lagda	Literate Agda
*.langium	Langium
*.lark	Lark
*.las	Lasso
*.lasso	Lasso
*.lasso8	Lasso
*.lasso9	Lasso
*.latte	Latte
*.launch	XML
*.lbx	TeX
*.ld	Linker Script
*.lds	Linker Script
*.lean	Lean
*.lean	Lean 4
*.leex	HTML+EEX
*.lektorproject	INI
*.leo	Leo
*.less	Less
*.lex	Lex
*.lfe	LFE
*.lgt	Logtalk
*.lhs	Literate Haskell
*.libsonnet	Jsonnet
*.lid	Dylan
*.lidr	Idris
*.ligo	LigoLANG
*.linq	C#
*.liquid	Liquid
*.lisp	Common Lisp
*.lisp	NewLisp
*.litcoffee	Literate CoffeeScript
*.livecodescript	LiveCode Script
*.livemd	Markdown
*.lkml	LookML
*.ll	LLVM
*.lmi	Python
*.logtalk	Logtalk
*.lol	LOLCODE
*.lookml	LookML
*.lp	Answer Set Programming
*.lp	Linear Programming
*.lpr	Pascal
*.ls	LiveScript
*.ls	LoomScript
*.lsl	LSL
*.lslp	LSL
*.lsp	Common Lisp
*.lsp	NewLisp
*.ltx	TeX
*.lua	Lua
*.luau	Luau
*.lvclass	LabVIEW
*.lvlib	LabVIEW
*.lvproj	LabVIEW
*.ly	LilyPond
*.m	Limbo
*.m	M
*.m	MATLAB
*.m	Mercury
*.m	MUF
*.m	Objective-C
*.m	Wolfram Language
*.m2	Macaulay2
*.m3	Modula-3
*.m3u	M3U
*.m3u8	M3U
*.m4	M4
*.m4	M4Sugar
*.ma	Wolfram Language
*.mak	Makefile
*.make	Makefile
*.makefile	Makefile
*.mako	Mako
*.man	Roff
*.man	Roff Manpage
*.mao	Mako
*.markdown	Markdown
*.marko	Marko
*.mask	Mask
*.mask	Unity3D Asset
*.mat	Unity3D Asset
*.mata	Stata
*.matah	Stata
*.mathematica	Wolfram Language
*.matlab	MATLAB
*.mawk	Awk
*.maxhelp	Max
*.maxpat	Max
*.maxproj	Max
*.mbox	E-mail
*.mbt	MoonBit
*.mc	M4
*.mc	Monkey C
*.mc	Win32 Message File
*.mcfunction	mcfunction
*.mcmeta	JSON
*.mcr	MAXScript
*.md	GCC Machine Description
*.md	Markdown
*.md2	Checksums
*.md4	Checksums
*.md5	Checksums
*.mdoc	Roff
*.mdoc	Roff Manpage
*.mdown	Markdown
*.mdpolicy	XML
*.mdwn	Markdown
*.mdx	MDX
*.me	Roff
*.mediawiki	Wikitext
*.mermaid	Mermaid
*.meta	Unity3D Asset
*.metal	Metal
*.mg	Modula-3
*.minid	MiniD
*.mint	Mint
*.mir	YAML
*.mirah	Mirah
*.mjml	XML
*.mjs	JavaScript
*.mk	Makefile
*.mkd	Markdown
*.mkdn	Markdown
*.mkdown	Markdown
*.mkfile	Makefile
*.mkii	TeX
*.mkiv	TeX
*.mkvi	TeX
*.ml	OCaml
*.ml	Standard ML
*.ml4	OCaml
*.mli	OCaml
*.mligo	CameLIGO
*.mlir	MLIR
*.mll	OCaml
*.mly	OCaml
*.mm	Objective-C++
*.mm	XML
*.mmd	Mermaid
*.mmk	Module Management System
*.mms	Module Management System
*.mo	Modelica
*.mo	Motoko
*.mod	AMPL
*.mod	Linux Kernel Module
*.mod	Modula-2
*.mod	NMODL
*.mod	XML
*.mojo	Mojo
*.mojo	XML
*.monkey	Monkey
*.monkey2	Monkey
*.moo	Mercury
*.moo	Moocode
*.moon	MoonScript
*.move	Move
*.mpl	JetBrains MPS
*.mps	JetBrains MPS
*.mq4	MQL4
*.mq5	MQL5
*.mqh	MQL4
*.mqh	MQL5
*.mrc	mIRC Script
*.ms	MAXScript
*.ms	Roff
*.ms	Unix Assembly
*.msd	JetBrains MPS
*.msg	OMNeT++ MSG
*.msg	ROS Interface
*.mspec	Ruby
*.mss	CartoCSS
*.mt	Wolfram Language
*.mtl	Wavefront Material
*.mtml	MTML
*.mts	TypeScript
*.mu	mupad
*.mud	ZIL
*.muf	MUF
*.mumps	M
*.muse	Muse
*.mustache	Mustache
*.mxml	XML
*.mxt	Max
*.mysql	SQL
*.myt	Myghty
*.mzn	MiniZinc
*.n	Nemerle
*.n	Roff
*.nanorc	nanorc
*.nas	Assembly
*.nas	Nasal
*.nasl	NASL
*.nasm	Assembly
*.natvis	XML
*.nawk	Awk
*.nb	Text
*.nb	Wolfram Language
*.nbp	Wolfram Language
*.nc	nesC
*.ncl	Gerber Image
*.ncl	NCL
*.ncl	Nickel
*.ncl	Text
*.ncl	XML
*.ndproj	XML
*.ne	Nearley
*.nearley	Nearley
*.ned	OMNeT++ NED
*.neon	NEON
*.nf	Nextflow
*.nginx	Nginx
*.nginxconf	Nginx
*.ni	Inform 7
*.nim	Nim
*.nim.cfg	Nim
*.nimble	Nim
*.nimrod	Nim
*.nims	Nim
*.ninja	Ninja
*.nit	Nit
*.nix	Nix
*.njk	Nunjucks
*.njs	JavaScript
*.nl	NewLisp
*.nl	NL
*.nlogo	NetLogo
*.no	Text
*.nomad	HCL
*.nproj	XML
*.nqp	Raku
*.nr	Noir
*.nr	Roff
*.nse	Lua
*.nsh	NSIS
*.nsi	NSIS
*.nss	NWScript
*.nu	Nu
*.nu	Nushell
*.numpy	NumPy
*.numpyw	NumPy
*.numsc	NumPy
*.nuspec	XML
*.nut	Squirrel
*.ny	Common Lisp
*.ob2	Oberon
*.obj	Wavefront Object
*.objdump	ObjDump
*.odd	XML
*.odin	Object Data Instance Notation
*.odin	Odin
*.ol	Jolie
*.omgrofl	Omgrofl
*.ooc	ooc
*.opa	Opa
*.opal	Opal
*.opencl	OpenCL
*.orc	Csound
*.org	Org
*.os	1C Enterprise
*.osm	XML
*.OutJob	Altium Designer
*.overpassql	OverpassQL
*.owl	Web Ontology Language
*.ox	Ox
*.oxh	Ox
*.oxo	Ox
*.oxygene	Oxygene
*.oz	Oz
*.p	Gnuplot
*.p	OpenEdge ABL
*.p4	P4
*.p6	Raku
*.p6l	Raku
*.p6m	Raku
*.p8	Lua
*.pac	JavaScript
*.pact	Pact
*.pan	Pan
*.parrot	Parrot
*.pas	Pascal
*.pascal	Pascal
*.pasm	Parrot Assembly
*.pat	Max
*.patch	Diff
*.pb	PureBasic
*.pbi	PureBasic
*.pbt	PowerBuilder
*.pbt	Protocol Buffer Text Format
*.pbtxt	Protocol Buffer Text Format
*.PcbDoc	Altium Designer
*.pck	PLSQL
*.pcss	PostCSS
*.pd	Pure Data
*.pd_lua	Lua
*.pddl	PDDL
*.pde	Processing
*.peggy	PEG.js
*.pegjs	PEG.js
*.pep	Pep8
*.per	Genero per
*.perl	Perl
*.pfa	PostScript
*.pgsql	PLpgSQL
*.ph	Perl
*.php	Hack
*.php	PHP
*.php3	PHP
*.php4	PHP
*.php5	PHP
*.phps	PHP
*.phpt	PHP
*.phtml	HTML+PHP
*.pic	Pic
*.pig	PigLatin
*.pike	Pike
*.pir	Parrot Internal Representation
*.pkb	PLSQL
*.pkgproj	XML
*.pkl	Pickle
*.pkl	Pkl
*.pks	PLSQL
*.pl	Perl
*.pl	Prolog
*.pl	Raku
*.pl6	Raku
*.plantuml	PlantUML
*.plb	PLSQL
*.plist	OpenStep Property List
*.plist	XML Property List
*.plot	Gnuplot
*.pls	PLSQL
*.plsql	PLSQL
*.plt	Gnuplot
*.plt	Prolog
*.pluginspec	Ruby
*.pluginspec	XML
*.plx	Perl
*.pm	Perl
*.pm	Raku
*.pm	X PixMap
*.pm6	Raku
*.pml	Promela
*.pmod	Pike
*.po	Gettext Catalog
*.pod	Pod
*.pod	Pod 6
*.pod6	Pod 6
*.podsl	Common Lisp
*.podspec	Ruby
*.pogo	PogoScript
*.polar	Polar
*.pony	Pony
*.por	Portugol
*.postcss	PostCSS
*.pot	Gettext Catalog
*.pov	POV-Ray SDL
*.pp	Pascal
*.pp	Puppet
*.pprx	REXX
*.praat	Praat
*.prawn	Ruby
*.prc	PLSQL
*.prc	SQL
*.prefab	Unity3D Asset
*.prefs	INI
*.prg	xBase
*.pri	QMake
*.prisma	Prisma
*.PrjPCB	Altium Designer
*.pro	IDL
*.pro	INI
*.pro	Proguard
*.pro	Prolog
*.pro	QMake
*.proj	XML
*.prolog	Prolog
*.properties	INI
*.properties	Java Properties
*.props	XML
*.proto	Protocol Buffer
*.prw	xBase
*.ps	PostScript
*.ps1	PowerShell
*.ps1xml	XML
*.psc	Papyrus
*.psc1	XML
*.psd1	PowerShell
*.psgi	Perl
*.psm1	PowerShell
*.pt	XML
*.pub	Public Key
*.pug	Pug
*.puml	PlantUML
*.purs	PureScript
*.pwn	Pawn
*.pxd	Cython
*.pxi	Cython
*.py	Python
*.py3	Python
*.pyde	Python
*.pyi	Python
*.pyp	Python
*.pyt	Python
*.pytb	Python traceback
*.pyw	Python
*.pyx	Cython
*.q	HiveQL
*.q	q
*.qasm	OpenQASM
*.qbs	QML
*.qc	QuakeC
*.qhelp	XML
*.ql	CodeQL
*.qll	CodeQL
*.qmd	RMarkdown
*.qml	QML
*.qs	Q#
*.qs	Qt Script
*.r	R
*.r	Rebol
*.r	Rez
*.r2	Rebol
*.r3	Rebol
*.rabl	Ruby
*.rake	Ruby
*.raku	Raku
*.rakumod	Raku
*.raml	RAML
*.raw	Raw token data
*.razor	HTML+Razor
*.rb	Ruby
*.rbbas	REALbasic
*.rbfrm	REALbasic
*.rbi	Ruby
*.rbmnu	REALbasic
*.rbres	REALbasic
*.rbs	RBS
*.rbtbar	REALbasic
*.rbuild	Ruby
*.rbuistate	REALbasic
*.rbw	Ruby
*.rbx	Ruby
*.rbxs	Lua
*.rchit	GLSL
*.rd	R
*.rdf	XML
*.rdoc	RDoc
*.re	C++
*.re	Reason
*.reb	Rebol
*.rebol	Rebol
*.red	Red
*.reds	Red
*.reek	YAML
*.reg	Windows Registry Entries
*.regex	Regular Expression
*.regexp	Regular Expression
*.rego	Open Policy Agent
*.rei	Reason
*.religo	ReasonLIGO
*.res	ReScript
*.res	XML
*.resi	ReScript
*.resource	RobotFramework
*.rest	reStructuredText
*.rest.txt	reStructuredText
*.resx	XML
*.rex	REXX
*.rexx	REXX
*.rg	Rouge
*.rhtml	HTML+ERB
*.ring	Ring
*.riot	Riot
*.rkt	Racket
*.rktd	Racket
*.rktl	Racket
*.rl	Ragel
*.rmd	RMarkdown
*.rmiss	GLSL
*.rnh	RUNOFF
*.rno	Roff
*.rno	RUNOFF
*.rnw	Sweave
*.robot	RobotFramework
*.roc	Roc
*.rockspec	Lua
*.roff	Roff
*.ron	RON
*.ronn	Markdown
*.rpgle	RPGLE
*.rpy	Python
*.rpy	Ren'Py
*.rq	SPARQL
*.rs	RenderScript
*.rs	Rust
*.rs	XML
*.rs.in	Rust
*.rsc	Rascal
*.rsc	RouterOS Script
*.rsh	RenderScript
*.rss	XML
*.rst	reStructuredText
*.rst.txt	reStructuredText
*.rsx	R
*.rtf	Rich Text Format
*.ru	Ruby
*.ruby	Ruby
*.rviz	YAML
*.s	Assembly
*.s	Motorola 68K Assembly
*.s	Unix Assembly
*.sage	Sage
*.sagews	Sage
*.sail	Sail
*.sarif	JSON
*.sas	SAS
*.sass	Sass
*.sats	ATS
*.sbt	Scala
*.sc	Scala
*.sc	SuperCollider
*.scad	OpenSCAD
*.scala	Scala
*.scaml	Scaml
*.scd	Markdown
*.scd	SuperCollider
*.sce	Scilab
*.scenic	Scenic
*.sch	Eagle
*.sch	KiCad Schematic
*.sch	Scheme
*.sch	XML
*.SchDoc	Altium Designer
*.sci	Scilab
*.scm	Scheme
*.scm	Tree-sitter Query
*.sco	Csound Score
*.scpt	AppleScript
*.scrbl	Racket
*.scss	SCSS
*.scxml	XML
*.sdc	Tcl
*.sed	sed
*.self	Self
*.service	desktop
*.sexp	Common Lisp
*.sfd	Spline Font Database
*.sfproj	XML
*.sfv	Simple File Verification
*.sh	Shell
*.sh-session	ShellSession
*.sh.in	Shell
*.sha1	Checksums
*.sha2	Checksums
*.sha224	Checksums
*.sha256	Checksums
*.sha256sum	Checksums
*.sha3	Checksums
*.sha384	Checksums
*.sha512	Checksums
*.shader	GLSL
*.shader	ShaderLab
*.shen	Shen
*.shproj	XML
*.sieve	Sieve
*.sig	Standard ML
*.sj	Objective-J
*.sjs	JavaScript
*.sl	Slash
*.slang	Slang
*.sld	Scheme
*.slim	Slim
*.slint	Slint
*.sln	Microsoft Visual Studio Solution
*.slnx	XML
*.sls	SaltStack
*.sls	Scheme
*.sma	Pawn
*.smali	Smali
*.smithy	Smithy
*.smk	Snakemake
*.sml	Standard ML
*.smt	SMT
*.smt2	SMT
*.snakefile	Snakemake
*.snap	Jest Snapshot
*.snip	Vim Snippet
*.snippet	Vim Snippet
*.snippets	Vim Snippet
*.sol	Gerber Image
*.sol	Solidity
*.soy	Closure Templates
*.sp	SourcePawn
*.sparql	SPARQL
*.spc	PLSQL
*.spec	Python
*.spec	RPM Spec
*.spec	Ruby
*.spin	Propeller Spin
*.sps	Scheme
*.sqf	SQF
*.sql	PLpgSQL
*.sql	PLSQL
*.sql	SQL
*.sql	SQLPL
*.sql	TSQL
*.sqlrpgle	RPGLE
*.sra	PowerBuilder
*.srdf	XML
*.srt	SRecode Template
*.srt	SubRip Text
*.sru	PowerBuilder
*.srv	ROS Interface
*.srw	PowerBuilder
*.ss	Scheme
*.ssjs	JavaScript
*.sss	SugarSS
*.st	Smalltalk
*.st	StringTemplate
*.stan	Stan
*.star	STAR
*.star	Starlark
*.sthlp	Stata
*.stl	STL
*.ston	STON
*.story	Gherkin
*.storyboard	XML
*.stTheme	XML Property List
*.sty	TeX
*.styl	Stylus
*.sublime_metrics	JSON with Comments
*.sublime_session	JSON with Comments
*.sublime-build	JSON with Comments
*.sublime-color-scheme	JSON with Comments
*.sublime-commands	JSON with Comments
*.sublime-completions	JSON with Comments
*.sublime-keymap	JSON with Comments
*.sublime-macro	JSON with Comments
*.sublime-menu	JSON with Comments
*.sublime-mousemap	JSON with Comments
*.sublime-project	JSON with Comments
*.sublime-settings	JSON with Comments
*.sublime-snippet	XML
*.sublime-syntax	YAML
*.sublime-theme	JSON with Comments
*.sublime-workspace	JSON with Comments
*.sv	SystemVerilog
*.svelte	Svelte
*.svg	SVG
*.svh	SystemVerilog
*.svx	mdsvex
*.svx	Survex data
*.sw	Sway
*.sw	XML
*.swg	SWIG
*.swift	Swift
*.swig	SWIG
*.syntax	YAML
*.t	Perl
*.t	Raku
*.t	Terra
*.t	Turing
*.tab	SQL
*.tac	Python
*.tact	JSON
*.tact	Tact
*.tag	Java Server Pages
*.talon	Talon
*.targets	XML
*.tcc	C++
*.tcl	Tcl
*.tcl.in	Tcl
*.tcsh	Tcsh
*.te	SELinux Policy
*.tea	Tea
*.templ	templ
*.tesc	GLSL
*.tese	GLSL
*.tex	TeX
*.texi	Texinfo
*.texinfo	Texinfo
*.TextGrid	TextGrid
*.textile	Textile
*.textproto	Protocol Buffer Text Format
*.tf	HCL
*.tfstate	JSON
*.tfstate.backup	JSON
*.tftpl	Terraform Template
*.tfvars	HCL
*.thor	Ruby
*.thrift	Thrift
*.thy	Isabelle
*.tl	Teal
*.tl	Type Language
*.tla	TLA
*.tlv	TL-Verilog
*.tm	Tcl
*.tmac	Roff
*.tmCommand	XML Property List
*.tml	XML
*.tmLanguage	XML Property List
*.tmpl	Go Template
*.tmPreferences	XML Property List
*.tmSnippet	XML Property List
*.tmTheme	XML Property List
*.tmux	Shell
*.toc	TeX
*.toc	World of Warcraft Addon Data
*.toit	Toit
*.toml	TOML
*.toml.example	TOML
*.tool	Shell
*.topojson	JSON
*.tpb	PLSQL
*.tpl	Go Template
*.tpl	Smarty
*.tpp	C++
*.tps	PLSQL
*.tres	Godot Resource
*.trg	PLSQL
*.trigger	Apex
*.trigger	Shell
*.ts	TypeScript
*.ts	XML
*.tscn	Godot Resource
*.tsconfig.json	JSON with Comments
*.tsp	TSPLIB data
*.tsp	TypeSpec
*.tst	GAP
*.tst	Scilab
*.tsv	TSV
*.tsx	TSX
*.tsx	XML
*.ttl	Turtle
*.tu	Turing
*.twig	Twig
*.txi	Texinfo
*.txl	TXL
*.txt	Adblock Filter List
*.txt	Text
*.txt	Vim Help File
*.txx	C++
*.typ	Typst
*.typ	XML
*.uc	UnrealScript
*.udf	SQL
*.udo	Csound
*.ui	XML
*.unity	Unity3D Asset
*.uno	Uno
*.upc	Unified Parallel C
*.uplc	Untyped Plutus Core
*.ur	UrWeb
*.urdf	XML
*.url	INI
*.urs	UrWeb
*.ux	XML
*.v	Rocq Prover
*.v	V
*.v	Verilog
*.vala	Vala
*.vapi	Vala
*.vark	Gosu
*.vb	Visual Basic .NET
*.vba	VBA
*.vba	Vim Script
*.vbhtml	Visual Basic .NET
*.vbproj	XML
*.vbs	VBScript
*.vcf	TSV
*.vcf	vCard
*.vcl	VCL
*.vcxproj	XML
*.vdf	Valve Data Format
*.veo	Verilog
*.vert	GLSL
*.vh	SystemVerilog
*.vhd	VHDL
*.vhdl	VHDL
*.vhf	VHDL
*.vhi	VHDL
*.vho	VHDL
*.vhost	ApacheConf
*.vhost	Nginx
*.vhs	VHDL
*.vht	VHDL
*.vhw	VHDL
*.vim	Vim Script
*.vimrc	Vim Script
*.viw	SQL
*.vmb	Vim Script
*.volt	Volt
*.vrx	GLSL
*.vs	GLSL
*.vsh	GLSL
*.vshader	GLSL
*.vsixmanifest	XML
*.vssettings	XML
*.vstemplate	XML
*.vtl	Velocity Template Language
*.vto	Vento
*.vtt	WebVTT
*.vue	Vue
*.vw	PLSQL
*.vxml	XML
*.vy	Vyper
*.w	CWeb
*.w	OpenEdge ABL
*.wast	WebAssembly
*.wat	WebAssembly
*.watchr	Ruby
*.wdl	WDL
*.webapp	JSON
*.webidl	WebIDL
*.webmanifest	JSON
*.weechatlog	IRC log
*.wgsl	WGSL
*.whiley	Whiley
*.wiki	Wikitext
*.wikitext	Wikitext
*.wisp	wisp
*.wit	WebAssembly Interface Type
*.wixproj	XML
*.wl	Wolfram Language
*.wlk	Wollok
*.wls	Wolfram Language
*.wlt	Wolfram Language
*.wlua	Lua
*.workbook	Markdown
*.workflow	HCL
*.workflow	XML
*.wren	Wren
*.ws	Witcher Script
*.wsdl	XML
*.wsf	XML
*.wsgi	Python
*.wxi	XML
*.wxl	XML
*.wxs	XML
*.x	DirectX 3D File
*.x	Linker Script
*.x	Logos
*.x	RPC
*.x10	X10
*.x3d	XML
*.x68	Motorola 68K Assembly
*.xacro	XML
*.xaml	XML
*.xbm	X BitMap
*.xc	XC
*.xdc	Tcl
*.xht	HTML
*.xhtml	HTML
*.xi	Logos
*.xib	XML
*.xlf	XML
*.xliff	XML
*.xm	Logos
*.xmi	XML
*.xml	XML
*.xml.dist	XML
*.xmp	XML
*.xojo_code	Xojo
*.xojo_menu	Xojo
*.xojo_report	Xojo
*.xojo_script	Xojo
*.xojo_toolbar	Xojo
*.xojo_window	Xojo
*.xpl	XProc
*.xpm	X PixMap
*.xproc	XProc
*.xproj	XML
*.xpy	Python
*.xq	XQuery
*.xql	XQuery
*.xqm	XQuery
*.xquery	XQuery
*.xqy	XQuery
*.xrl	Erlang
*.xs	XS
*.xsd	XML
*.xsh	Xonsh
*.xsjs	JavaScript
*.xsjslib	JavaScript
*.xsl	XSLT
*.xslt	XSLT
*.xsp-config	XPages
*.xsp.metadata	XPages
*.xspec	XML
*.xtend	Xtend
*.xul	XML
*.xzap	ZAP
*.y	Yacc
*.yacc	Yacc
*.yaml	MiniYAML
*.yaml	OASv2-yaml
*.yaml	OASv3-yaml
*.yaml	YAML
*.yaml-tmlanguage	YAML
*.yaml.sed	YAML
*.yang	YANG
*.yap	Prolog
*.yar	YARA
*.yara	YARA
*.yasnippet	YASnippet
*.yml	MiniYAML
*.yml	OASv2-yaml
*.yml	OASv3-yaml
*.yml	YAML
*.yml.mysql	YAML
*.yrl	Erlang
*.yul	Yul
*.yy	JSON
*.yy	Yacc
*.yyp	JSON
*.z3	SMT
*.zap	ZAP
*.zcml	XML
*.zeek	Zeek
*.zep	Zephir
*.zig	Zig
*.zig.zon	Zig
*.zil	ZIL
*.zimpl	Zimpl
*.zmodel	Zmodel
*.zmpl	Zimpl
*.zone	DNS Zone
*.zpl	Zimpl
*.zs	ZenScript
*.zsh	Shell
*.zsh-theme	Shell
9fs	Shell
abbrev_defs	Emacs Lisp
ack	Perl
ackrc	Option List
Android.bp	Soong
ant.xml	Ant Build System
apache2.conf	ApacheConf
api-extractor.json	JSON with Comments
APKBUILD	Alpine Abuild
App.config	XML
Appraisals	Ruby
bash_aliases	Shell
bash_logout	Shell
bash_profile	Shell
bashrc	Shell
Berksfile	Ruby
Brewfile	Ruby
browserslist	Browserslist
BSDmakefile	Makefile
BUCK	Starlark
BUILD	Starlark
BUILD.bazel	Starlark
build.xml	Ant Build System
buildfile	Ruby
Buildfile	Ruby
buildozer.spec	INI
bun.lock	JSON
cabal.config	Cabal Config
cabal.project	Cabal Config
Caddyfile	Caddyfile
Cakefile	CoffeeScript
Capfile	Ruby
Cargo.lock	TOML
Cargo.toml.orig	TOML
Cask	Emacs Lisp
checksums.txt	Checksums
CITATION	Text
CITATION.cff	YAML
CITATIONS	Text
cksums	Checksums
click.me	Text
CMakeLists.txt	CMake
CODEOWNERS	CODEOWNERS
COMMIT_EDITMSG	Git Commit
composer.lock	JSON
configure.ac	M4Sugar
Containerfile	Dockerfile
contents.lr	Markdown
COPYING	Text
COPYING.regex	Text
COPYRIGHT.regex	Text
cpanfile	Perl
crontab	crontab
cshrc	Shell
Dangerfile	Ruby
delete.me	Text
Deliverfile	Ruby
deno.lock	JSON
DEPS	Python
descrip.mmk	Module Management System
descrip.mms	Module Management System
dev-requirements.txt	Pip Requirements
devcontainer.json	JSON with Comments
dir_colors	dircolors
DIR_COLORS	dircolors
Dockerfile	Dockerfile
dune-project	Dune
Earthfile	Earthly
Emakefile	Erlang
encodings.dir	X Font Directory Index
eqnrc	Roff
expr-dist	R
Fakefile	Fancy
Fastfile	Ruby
file_contexts	SELinux Policy
firestore.rules	Cloud Firestore Security Rules
flake.lock	JSON
FONTLOG	Text
fonts.alias	X Font Directory Index
fonts.dir	X Font Directory Index
fonts.scale	X Font Directory Index
fp-lib-table	KiCad Layout
Gemfile	Ruby
Gemfile.lock	Gemfile.lock
genfs_contexts	SELinux Policy
gitignore_global	Ignore List
gitignore-global	Ignore List
glide.lock	YAML
GNUmakefile	Makefile
go.mod	Go Module
go.sum	Go Checksums
go.work	Go Workspace
go.work.sum	Go Checksums
Gopkg.lock	TOML
gradlew	Shell
gradlew.bat	Batchfile
Guardfile	Ruby
gvimrc	Vim Script
haproxy.cfg	HAProxy
hosts	Hosts File
HOSTS	Hosts File
hosts	INI
HOSTS	INI
hosts.txt	Hosts File
httpd.conf	ApacheConf
initial_sids	SELinux Policy
inputrc	Readline Config
INSTALL	Text
INSTALL.mysql	Text
installscript.qs	Qt Script
Jakefile	JavaScript
Jarfile	Ruby
Jenkinsfile	Groovy
jsconfig.json	JSON with Comments
justfile	Just
Justfile	Just
JUSTFILE	Just
kakrc	KakouneScript
Kbuild	Makefile
kcl.mod	KCL
kcl.mod.lock	KCL
keep.me	Text
kshrc	Shell
language-configuration.json	JSON with Comments
language-subtag-registry.txt	Record Jar
latexmkrc	Perl
ld.script	Linker Script
lexer.x	Lex
Lexer.x	Lex
LICENSE	Text
LICENSE.mysql	Text
login	Shell
m3makefile	Quake
m3overrides	Quake
makefile	Makefile
Makefile	Makefile
Makefile.am	Makefile
Makefile.boot	Makefile
Makefile.frag	Makefile
Makefile.in	Makefile
Makefile.inc	Makefile
Makefile.PL	Perl
makefile.sco	Makefile
Makefile.wat	Makefile
man	Shell
MANIFEST.MF	JAR Manifest
Mavenfile	Ruby
mcmod.info	JSON
md5sum.txt	Checksums
MD5SUMS	Checksums
meson_options.txt	Meson
meson.build	Meson
mix.lock	Elixir
mkfile	Makefile
mmn	Roff
mmt	Roff
mocha.opts	Option List
MODULE.bazel	Starlark
MODULE.bazel.lock	JSON
Modulefile	Puppet
mvnw	Shell
mvnw.cmd	Batchfile
nanorc	nanorc
NEWS	Text
nextflow.config	Nextflow
nginx.conf	Nginx
nim.cfg	Nim
Notebook	Jupyter Notebook
NuGet.config	XML
Nukefile	Nu
nvimrc	Vim Script
owh	Tcl
package.mask	Text
Package.resolved	JSON
package.use.mask	Text
package.use.stable.mask	Text
packages.config	XML
pdm.lock	TOML
Phakefile	PHP
Pipfile	TOML
Pipfile.lock	JSON
pixi.lock	YAML
PKGBUILD	Shell
Podfile	Ruby
poetry.lock	TOML
pom.xml	Maven POM
port_contexts	SELinux Policy
Procfile	Procfile
profile	Shell
Project.ede	Emacs Lisp
project.godot	Godot Resource
Puppetfile	Ruby
pylintrc	INI
Rakefile	Ruby
read.me	Text
readme.1st	Text
README.me	Text
README.mysql	Text
README.nss	Text
rebar.config	Erlang
rebar.config.lock	Erlang
rebar.lock	Erlang
requirements-dev.txt	Pip Requirements
requirements.lock.txt	Pip Requirements
requirements.txt	Pip Requirements
Rexfile	Perl
riemann.config	Clojure
robots.txt	robots.txt
ROOT	Isabelle ROOT
SConscript	Python
SConstruct	Python
security_classes	SELinux Policy
Settings.StyleCop	XML
SHA1SUMS	Checksums
SHA256SUMS	Checksums
SHA256SUMS.txt	Checksums
SHA512SUMS	Checksums
Singularity	Singularity
Slakefile	LiveScript
Snakefile	Snakemake
Snapfile	Ruby
ssh_config	SSH Config
ssh-config	SSH Config
sshconfig	SSH Config
sshconfig.snip	SSH Config
sshd_config	SSH Config
sshd-config	SSH Config
starfield	Tcl
Steepfile	Ruby
suite.rc	Cylc
test.me	Text
Thorfile	Ruby
Tiltfile	Starlark
tmux.conf	Shell
toolchain_installscript.qs	Qt Script
torrc	Tor Config
troffrc	Roff
troffrc-end	Roff
tsconfig.json	JSON with Comments
tslint.json	JSON with Comments
use.mask	Text
use.stable.mask	Text
uv.lock	TOML
Vagrantfile	Ruby
vimrc	Vim Script
vlcrc	INI
Web.config	XML
Web.Debug.config	XML
Web.Release.config	XML
WORKSPACE	Starlark
WORKSPACE.bazel	Starlark
WORKSPACE.bzlmod	Starlark
wscript	Python
xcompose	XCompose
XCompose	XCompose
xinitrc	Shell
xmake.lua	Xmake
xsession	Shell
yarn.lock	YAML
zlogin	Shell
zlogout	Shell
zprofile	Shell
zshenv	Shell
zshrc	Shell
